﻿CaseOrder,Customer_id,Interaction,UID,City,State,County,Zip,Lat,Lng,Population,Area,TimeZone,Job,Children,Age,Income,Marital,Gender,Churn,Outage_sec_perweek,Email,Contacts,Yearly_equip_failure,Techie,Contract,Port_modem,Tablet,InternetService,Phone,Multiple,OnlineSecurity,OnlineBackup,DeviceProtection,TechSupport,StreamingTV,StreamingMovies,PaperlessBilling,PaymentMethod,Tenure,MonthlyCharge,Bandwidth_GB_Year,Item1,Item2,Item3,Item4,Item5,Item6,Item7,Item8
1,K409198,aa90260b-4141-4a24-8e36-b04ce1f4f77b,e885b299883d4f9fb18e39c75155d990,Point Baker,AK,Prince of Wales-Hyder,99927,56.251,-133.37571,38,Urban,America/Sitka,Environmental health practitioner,0,68,28561.99,Widowed,Male,No,7.978322947,10,0,1,No,One year,Yes,Yes,Fiber Optic,Yes,No,Yes,Yes,No,No,No,Yes,Yes,Credit Card (automatic),6.795512947,172.455519,904.5361102,5,5,5,3,4,4,3,4
2,S120509,fb76459f-c047-4a9d-8af9-e0f7d4ac2524,f2de8bef964785f41a2959829830fb8a,West Branch,MI,Ogemaw,48661,44.32893,-84.2408,10446,Urban,America/Detroit,"Programmer, multimedia",1,27,21704.77,Married,Female,Yes,11.69907956,12,0,1,Yes,Month-to-month,No,Yes,Fiber Optic,Yes,Yes,Yes,No,No,No,Yes,Yes,Yes,Bank Transfer(automatic),1.156680997,242.632554,800.9827661,3,4,3,3,4,3,4,4
3,K191035,344d114c-3736-4be5-98f7-c72c281e2d35,f1784cfa9f6d92ae816197eb175d3c71,Yamhill,OR,Yamhill,97148,45.35589,-123.24657,3735,Urban,America/Los_Angeles,Chief Financial Officer,4,50,9609.57,Widowed,Female,No,10.75280028,9,0,1,Yes,Two Year,Yes,No,DSL,Yes,Yes,No,No,No,No,No,Yes,Yes,Credit Card (automatic),15.75414408,159.947583,2054.706961,4,4,2,4,4,3,3,3
4,D90850,abfa2b40-2d43-4994-b15a-989b8c79e311,dc8a365077241bb5cd5ccd305136b05e,Del Mar,CA,San Diego,92014,32.96687,-117.24798,13863,Suburban,America/Los_Angeles,Solicitor,1,48,18925.23,Married,Male,No,14.91353964,15,2,0,Yes,Two Year,No,No,DSL,Yes,No,Yes,No,No,No,Yes,No,Yes,Mailed Check,17.08722662,119.95684,2164.579412,4,4,4,2,5,4,3,3
5,K662701,68a861fd-0d20-4e51-a587-8a90407ee574,aabb64a116e83fdc4befc1fbab1663f9,Needville,TX,Fort Bend,77461,29.38012,-95.80673,11352,Suburban,America/Chicago,Medical illustrator,0,83,40074.19,Separated,Male,Yes,8.147416533,16,2,1,No,Month-to-month,Yes,No,Fiber Optic,No,No,No,No,No,Yes,Yes,No,No,Mailed Check,1.670971726,149.948316,271.4934362,4,4,4,3,4,4,4,5
6,W303516,2b451d12-6c2b-4cea-a295-ba1d6bced078,97598fd95658c80500546bc1dd312994,Fort Valley,GA,Peach,31030,32.57032,-83.8904,17701,Urban,America/New_York,Chief Technology Officer,3,83,22660.2,Never Married,Female,No,8.420992898,15,3,1,No,One year,Yes,No,None,Yes,Yes,Yes,Yes,Yes,No,No,Yes,No,Electronic Check,7.000993555,185.007692,1039.357983,3,3,3,2,4,3,3,3
7,U335188,6630d501-838c-4be4-a59c-6f58c814ed6a,87d1c4223e49156020564c01a88973b9,Pioneer,TN,Scott,37847,36.4342,-84.27892,2535,Suburban,America/New_York,"Surveyor, hydrographic",0,79,11467.5,Widowed,Male,Yes,11.18272453,10,0,1,Yes,Month-to-month,No,No,DSL,Yes,No,No,No,No,Yes,Yes,Yes,No,Electronic Check,13.23677381,200.118516,1907.242972,6,5,6,4,1,5,5,5
8,V538685,70ddaa89-b726-49dc-9022-2d655e4c7936,fce3f21888317907de42e298d718ccce,Oklahoma City,OK,Oklahoma,73109,35.43313,-97.52463,23144,Suburban,America/Chicago,Sales promotion account executive,2,30,26759.64,Married,Female,Yes,7.791632265,16,0,0,Yes,Month-to-month,No,No,DSL,No,No,No,Yes,No,No,No,No,Yes,Mailed Check,4.26425515,114.950905,979.6127078,2,2,2,5,2,3,4,5
9,M716771,05a49ee3-8fd5-453a-a5f3-82b6cd986856,6c7043ced703b84de29766af3d53c976,Saint Cloud,FL,Osceola,34771,28.27646,-81.16273,17351,Suburban,America/New_York,Teaching laboratory technician,2,49,58634.51,Separated,Nonbinary,No,5.739005915,20,2,3,No,Month-to-month,Yes,No,DSL,Yes,No,Yes,Yes,No,No,No,No,Yes,Bank Transfer(automatic),8.220686373,117.468591,1312.874964,5,4,4,3,4,3,4,4
10,I676080,86f17e4d-2c24-4b70-a6ec-dddf0609dbaa,6ffe183271258a039e122ced8750b2a0,Cincinnati,OH,Hamilton,45237,39.19296,-84.4523,20193,Rural,America/New_York,Museum education officer,1,86,50231.4,Married,Female,No,8.707823904,18,1,0,No,Two Year,Yes,No,Fiber Optic,Yes,No,Yes,No,Yes,No,No,Yes,Yes,Mailed Check,3.422086139,162.482694,508.7637913,2,2,2,2,5,2,3,3
11,J980369,89490f4b-765f-431a-b302-580aae7db71a,6271cceddef89e353881b8c38b5674b1,Little Meadows,PA,Susquehanna,18830,41.95142,-76.10744,555,Urban,America/New_York,"Teacher, special educational needs",7,23,22580.7,Separated,Female,No,9.341631685,9,0,2,No,Month-to-month,No,No,DSL,Yes,Yes,Yes,Yes,No,No,Yes,No,No,Mailed Check,19.26726194,174.958118,2728.767869,4,4,4,7,3,3,3,4
12,E243720,c32b8522-d62a-49b1-a77a-e0534cb1378b,073356b840a6f10f65bebf6c9c168b3a,Corozal,PR,Corozal,783,18.3041,-66.32847,33372,Rural,America/Puerto_Rico,Maintenance engineer,2,56,18342.12,Married,Female,No,6.68082638,17,1,1,No,Month-to-month,Yes,No,Fiber Optic,Yes,No,No,No,Yes,No,Yes,No,No,Electronic Check,10.52199781,149.962093,1180.588788,4,4,3,4,4,4,3,4
13,F139569,4828f66e-5592-4c61-bbf4-313cf8731f1c,fe004e8605f165c2c59064fca86389d5,Conesville,IA,Muscatine,52739,41.37287,-91.36865,556,Rural,America/Chicago,"Engineer, broadcasting (operations)",0,83,83671.08,Divorced,Male,No,8.273875452,9,0,0,No,Month-to-month,Yes,No,Fiber Optic,Yes,No,No,No,No,No,Yes,No,No,Bank Transfer(automatic),13.01149229,137.439154,1196.388018,1,2,1,4,3,2,3,3
14,X44200,780992d3-d758-4152-aceb-5d59edda3d15,2a93472e2def0e9ea2ead2f8c15c80c9,East Livermore,ME,Androscoggin,4228,44.43256,-70.11501,0,Urban,America/New_York,Learning disability nurse,5,29,115114.57,Separated,Female,No,5.880565591,14,1,0,No,Two Year,Yes,Yes,Fiber Optic,Yes,Yes,Yes,No,No,Yes,Yes,No,Yes,Bank Transfer(automatic),16.87922024,184.971516,1948.694497,5,6,5,2,4,5,4,4
15,H68068,8dc7ad15-2f59-4c77-9640-6f2c0000b3fc,82e2317aca04b63397b31395029f50bf,Hillside,IL,Cook,60162,41.86752,-87.90222,8165,Urban,America/Chicago,Automotive engineer,1,30,64256.81,Separated,Male,Yes,11.79073041,10,3,0,No,Month-to-month,No,No,DSL,No,Yes,No,Yes,No,Yes,No,No,Yes,Bank Transfer(automatic),10.06019902,159.965581,1582.295235,3,3,4,2,3,4,4,2
16,A403906,df437bd4-bd8a-4c8f-8110-11ed1a7723ea,d43e8bc69c074903d9c618596562747e,Saint Germain,WI,Vilas,54558,45.92342,-89.50138,2093,Suburban,America/Chicago,Amenity horticulturist,3,39,89061.45,Divorced,Male,Yes,10.79846973,13,1,0,No,One year,No,No,None,Yes,No,Yes,No,No,No,Yes,Yes,Yes,Electronic Check,13.87001293,177.65076,1840.014467,3,3,3,2,4,3,5,2
17,V847470,bbf5ca9f-cb89-44ea-ac42-3f5862ebdbd0,c2b766b12c3780537d74b858ae602a93,Modesto,CA,Stanislaus,95351,37.62326,-120.99637,50079,Urban,America/Los_Angeles,Applications developer,0,63,31659.3,Married,Female,Yes,13.52284721,13,1,0,No,Month-to-month,Yes,No,DSL,Yes,Yes,No,Yes,Yes,No,No,Yes,Yes,Bank Transfer(automatic),15.78214958,194.966286,2070.376729,3,4,4,3,5,4,4,3
18,F721878,5c3548de-4744-4167-9412-3f018262bab2,66c10f561f108fd744c68c6c5b388c53,Parkton,NC,Robeson,28371,34.90636,-78.98944,7249,Rural,America/New_York,Immunologist,2,60,44142.81,Separated,Male,Yes,9.831166695,16,3,0,No,Two Year,No,No,None,Yes,No,Yes,No,Yes,Yes,Yes,Yes,No,Mailed Check,2.303331273,202.682861,882.0985933,2,2,4,3,3,4,3,3
19,F487435,200fad69-1e40-4de6-9222-df84d8925000,90c4427b652ec11afec04bd3c73c88d2,Oakland,TN,Fayette,38060,35.2091,-89.50332,9463,Rural,America/Chicago,"Engineer, electrical",3,61,39262.14,Widowed,Female,No,9.57470568,11,1,0,Yes,Two Year,Yes,No,None,Yes,No,No,Yes,Yes,Yes,Yes,No,Yes,Bank Transfer(automatic),17.10995632,152.490739,1833.0967,3,4,3,4,3,2,3,5
20,B561228,5ff2d3a8-6e9f-4bfa-af2b-04e5cdc0a1e0,34cb26f446dde7d77a6ecc5d7e106942,Trafford,AL,Blount,35172,33.84469,-86.6974,3177,Rural,America/Chicago,Broadcast presenter,3,23,19494.75,Divorced,Male,Yes,10.92246098,10,1,0,No,Month-to-month,Yes,No,DSL,Yes,Yes,No,No,No,No,Yes,No,Yes,Credit Card (automatic),12.80615845,149.944668,1954.080809,5,5,5,4,4,4,3,3
